"OBOO Adult Lunch Box Insulated Lunch Bag,Double Reusable Waterproof Large Cooler Tote &nbsp;with Shoulder Strap for Men&amp;Women(black, 12can)",B077N21298,lunch cooler box,www.amazon.com,2018/11/9 5:21,37
"OBOO Adult Lunch Box Insulated Lunch Bag,Double Reusable Waterproof Large Cooler Tote &nbsp;with Shoulder Strap for Men&amp;Women(black, 12can)",B077N21298,fabric lunch bag,www.amazon.com,2018/11/9 1:06,F列代表的是rank
"OBOO Adult Lunch Box Insulated Lunch Bag,Double Reusable Waterproof Large Cooler Tote &nbsp;with Shoulder Strap for Men&amp;Women(black, 12can)",B077N21298,lunch cooler tote,www.amazon.com,2018/11/9 4:17,
"OBOO Adult Lunch Box Insulated Lunch Bag,Double Reusable Waterproof Large Cooler Tote &nbsp;with Shoulder Strap for Men&amp;Women(black, 12can)",B077N21298,lunch boxes for men,www.amazon.com,2018/11/9 4:32,28
"OBOO Adult Lunch Box Insulated Lunch Bag,Double Reusable Waterproof Large Cooler Tote &nbsp;with Shoulder Strap for Men&amp;Women(black, 12can)",B077N21298,adult lunch bag,www.amazon.com,2018/11/9 4:24,29
"OBOO Adult Lunch Box Insulated Lunch Bag,Double Reusable Waterproof Large Cooler Tote &nbsp;with Shoulder Strap for Men&amp;Women(black, 12can)",B077N21298,adult lunch box,www.amazon.com,2018/11/9 1:11,31
"OBOO Adult Lunch Box Insulated Lunch Bag,Double Reusable Waterproof Large Cooler Tote &nbsp;with Shoulder Strap for Men&amp;Women(black, 12can)",B077N21298,lunch coolers,www.amazon.com,2018/11/9 3:53,97
"OBOO Adult Lunch Box Insulated Lunch Bag,Double Reusable Waterproof Large Cooler Tote &nbsp;with Shoulder Strap for Men&amp;Women(black, 12can)",B077N21298,lunch cooler,www.amazon.com,2018/11/9 2:26,94
"OBOO Adult Lunch Box Insulated Lunch Bag,Double Reusable Waterproof Large Cooler Tote &nbsp;with Shoulder Strap for Men&amp;Women(black, 12can)",B077N21298,large lunch bag,www.amazon.com,2018/11/9 2:21,68
"OBOO Adult Lunch Box Insulated Lunch Bag,Double Reusable Waterproof Large Cooler Tote &nbsp;with Shoulder Strap for Men&amp;Women(black, 12can)",B077N21298,lunch coolers for men,www.amazon.com,2018/11/9 1:26,45
"OBOO Adult Lunch Box Insulated Lunch Bag,Double Reusable Waterproof Large Cooler Tote &nbsp;with Shoulder Strap for Men&amp;Women(black, 12can)",B077N21298,adult lunch cooler,www.amazon.com,2018/11/9 4:58,53
"OBOO Adult Lunch Box Insulated Lunch Bag,Double Reusable Waterproof Large Cooler Tote &nbsp;with Shoulder Strap for Men&amp;Women(black, 12can)",B077N21298,bag coolers,www.amazon.com,2018/11/9 3:00,
"OBOO Adult Lunch Box Insulated Lunch Bag,Double Reusable Waterproof Large Cooler Tote &nbsp;with Shoulder Strap for Men&amp;Women(black, 12can)",B077N21298,beach bag cooler,www.amazon.com,2018/11/9 2:35,
"OBOO Adult Lunch Box Insulated Lunch Bag,Double Reusable Waterproof Large Cooler Tote &nbsp;with Shoulder Strap for Men&amp;Women(black, 12can)",B077N21298,beach cooler bag,www.amazon.com,2018/11/9 0:23,
"OBOO Adult Lunch Box Insulated Lunch Bag,Double Reusable Waterproof Large Cooler Tote &nbsp;with Shoulder Strap for Men&amp;Women(black, 12can)",B077N21298,bento lunch bag,www.amazon.com,2018/11/9 2:02,
"OBOO Adult Lunch Box Insulated Lunch Bag,Double Reusable Waterproof Large Cooler Tote &nbsp;with Shoulder Strap for Men&amp;Women(black, 12can)",B077N21298,big lunch bags,www.amazon.com,2018/11/9 5:34,
"OBOO Adult Lunch Box Insulated Lunch Bag,Double Reusable Waterproof Large Cooler Tote &nbsp;with Shoulder Strap for Men&amp;Women(black, 12can)",B077N21298,black cooler bag,www.amazon.com,2018/11/9 2:06,88
"OBOO Adult Lunch Box Insulated Lunch Bag,Double Reusable Waterproof Large Cooler Tote &nbsp;with Shoulder Strap for Men&amp;Women(black, 12can)",B077N21298,black lunch bag,www.amazon.com,2018/11/9 2:28,206
"OBOO Adult Lunch Box Insulated Lunch Bag,Double Reusable Waterproof Large Cooler Tote &nbsp;with Shoulder Strap for Men&amp;Women(black, 12can)",B077N21298,black lunch cooler,www.amazon.com,2018/11/9 1:08,35
"OBOO Adult Lunch Box Insulated Lunch Bag,Double Reusable Waterproof Large Cooler Tote &nbsp;with Shoulder Strap for Men&amp;Women(black, 12can)",B077N21298,black lunch tote,www.amazon.com,2018/11/9 4:19,166
"OBOO Adult Lunch Box Insulated Lunch Bag,Double Reusable Waterproof Large Cooler Tote &nbsp;with Shoulder Strap for Men&amp;Women(black, 12can)",B077N21298,cold lunch bag,www.amazon.com,2018/11/9 5:03,105
"OBOO Adult Lunch Box Insulated Lunch Bag,Double Reusable Waterproof Large Cooler Tote &nbsp;with Shoulder Strap for Men&amp;Women(black, 12can)",B077N21298,cold lunch box,www.amazon.com,2018/11/9 1:57,15
"OBOO Adult Lunch Box Insulated Lunch Bag,Double Reusable Waterproof Large Cooler Tote &nbsp;with Shoulder Strap for Men&amp;Women(black, 12can)",B077N21298,compartment lunch box,www.amazon.com,2018/11/9 5:09,
"OBOO Adult Lunch Box Insulated Lunch Bag,Double Reusable Waterproof Large Cooler Tote &nbsp;with Shoulder Strap for Men&amp;Women(black, 12can)",B077N21298,cool lunch boxes,www.amazon.com,2018/11/9 0:49,298
"OBOO Adult Lunch Box Insulated Lunch Bag,Double Reusable Waterproof Large Cooler Tote &nbsp;with Shoulder Strap for Men&amp;Women(black, 12can)",B077N21298,cooler lunch box,www.amazon.com,2018/11/9 2:46,65
"OBOO Adult Lunch Box Insulated Lunch Bag,Double Reusable Waterproof Large Cooler Tote &nbsp;with Shoulder Strap for Men&amp;Women(black, 12can)",B077N21298,cooler lunch boxes for adults,www.amazon.com,2018/11/9 2:30,53
"OBOO Adult Lunch Box Insulated Lunch Bag,Double Reusable Waterproof Large Cooler Tote &nbsp;with Shoulder Strap for Men&amp;Women(black, 12can)",B077N21298,cooler picnic bag,www.amazon.com,2018/11/9 5:24,303
"OBOO Adult Lunch Box Insulated Lunch Bag,Double Reusable Waterproof Large Cooler Tote &nbsp;with Shoulder Strap for Men&amp;Women(black, 12can)",B077N21298,fitness lunch bags,www.amazon.com,2018/11/9 1:28,
"OBOO Adult Lunch Box Insulated Lunch Bag,Double Reusable Waterproof Large Cooler Tote &nbsp;with Shoulder Strap for Men&amp;Women(black, 12can)",B077N21298,fitness lunch box,www.amazon.com,2018/11/9 1:53,
"OBOO Adult Lunch Box Insulated Lunch Bag,Double Reusable Waterproof Large Cooler Tote &nbsp;with Shoulder Strap for Men&amp;Women(black, 12can)",B077N21298,foldable cooler bag,www.amazon.com,2018/11/9 2:07,167
"OBOO Adult Lunch Box Insulated Lunch Bag,Double Reusable Waterproof Large Cooler Tote &nbsp;with Shoulder Strap for Men&amp;Women(black, 12can)",B077N21298,foldable lunch bag,www.amazon.com,2018/11/9 4:56,206
"OBOO Adult Lunch Box Insulated Lunch Bag,Double Reusable Waterproof Large Cooler Tote &nbsp;with Shoulder Strap for Men&amp;Women(black, 12can)",B077N21298,food coolers,www.amazon.com,2018/11/9 4:37,
"OBOO Adult Lunch Box Insulated Lunch Bag,Double Reusable Waterproof Large Cooler Tote &nbsp;with Shoulder Strap for Men&amp;Women(black, 12can)",B077N21298,food prep lunch box,www.amazon.com,2018/11/9 2:39,
"OBOO Adult Lunch Box Insulated Lunch Bag,Double Reusable Waterproof Large Cooler Tote &nbsp;with Shoulder Strap for Men&amp;Women(black, 12can)",B077N21298,frozen lunch bag,www.amazon.com,2018/11/9 2:26,
"OBOO Adult Lunch Box Insulated Lunch Bag,Double Reusable Waterproof Large Cooler Tote &nbsp;with Shoulder Strap for Men&amp;Women(black, 12can)",B077N21298,igloo lunch bag,www.amazon.com,2018/11/9 3:31,
"OBOO Adult Lunch Box Insulated Lunch Bag,Double Reusable Waterproof Large Cooler Tote &nbsp;with Shoulder Strap for Men&amp;Women(black, 12can)",B077N21298,insulated beach bags,www.amazon.com,2018/11/9 1:56,
"OBOO Adult Lunch Box Insulated Lunch Bag,Double Reusable Waterproof Large Cooler Tote &nbsp;with Shoulder Strap for Men&amp;Women(black, 12can)",B077N21298,insulated bottle bag,www.amazon.com,2018/11/9 4:16,
"OBOO Adult Lunch Box Insulated Lunch Bag,Double Reusable Waterproof Large Cooler Tote &nbsp;with Shoulder Strap for Men&amp;Women(black, 12can)",B077N21298,insulated food bags,www.amazon.com,2018/11/9 0:30,
"OBOO Adult Lunch Box Insulated Lunch Bag,Double Reusable Waterproof Large Cooler Tote &nbsp;with Shoulder Strap for Men&amp;Women(black, 12can)",B077N21298,insulated freezer bags,www.amazon.com,2018/11/9 0:16,
"OBOO Adult Lunch Box Insulated Lunch Bag,Double Reusable Waterproof Large Cooler Tote &nbsp;with Shoulder Strap for Men&amp;Women(black, 12can)",B077N21298,insulated lunch bags,www.amazon.com,2018/11/9 4:48,218
"OBOO Adult Lunch Box Insulated Lunch Bag,Double Reusable Waterproof Large Cooler Tote &nbsp;with Shoulder Strap for Men&amp;Women(black, 12can)",B077N21298,insulated lunch bags for adults,www.amazon.com,2018/11/9 4:00,61
"OBOO Adult Lunch Box Insulated Lunch Bag,Double Reusable Waterproof Large Cooler Tote &nbsp;with Shoulder Strap for Men&amp;Women(black, 12can)",B077N21298,insulated lunch bags for men,www.amazon.com,2018/11/9 2:27,34
"OBOO Adult Lunch Box Insulated Lunch Bag,Double Reusable Waterproof Large Cooler Tote &nbsp;with Shoulder Strap for Men&amp;Women(black, 12can)",B077N21298,insulated lunch box cooler bag,www.amazon.com,2018/11/9 5:20,52
"OBOO Adult Lunch Box Insulated Lunch Bag,Double Reusable Waterproof Large Cooler Tote &nbsp;with Shoulder Strap for Men&amp;Women(black, 12can)",B077N21298,insulated lunch box for women,www.amazon.com,2018/11/9 0:02,295
"OBOO Adult Lunch Box Insulated Lunch Bag,Double Reusable Waterproof Large Cooler Tote &nbsp;with Shoulder Strap for Men&amp;Women(black, 12can)",B077N21298,insulated lunch boxes for adults,www.amazon.com,2018/11/9 2:23,58
"OBOO Adult Lunch Box Insulated Lunch Bag,Double Reusable Waterproof Large Cooler Tote &nbsp;with Shoulder Strap for Men&amp;Women(black, 12can)",B077N21298,insulated lunch pack,www.amazon.com,2018/11/9 2:50,133
"OBOO Adult Lunch Box Insulated Lunch Bag,Double Reusable Waterproof Large Cooler Tote &nbsp;with Shoulder Strap for Men&amp;Women(black, 12can)",B077N21298,insulated lunch pail,www.amazon.com,2018/11/9 3:24,
"OBOO Adult Lunch Box Insulated Lunch Bag,Double Reusable Waterproof Large Cooler Tote &nbsp;with Shoulder Strap for Men&amp;Women(black, 12can)",B077N21298,insulated tote bags,www.amazon.com,2018/11/9 4:45,
"OBOO Adult Lunch Box Insulated Lunch Bag,Double Reusable Waterproof Large Cooler Tote &nbsp;with Shoulder Strap for Men&amp;Women(black, 12can)",B077N21298,large insulated cooler bags,www.amazon.com,2018/11/9 5:20,201
"OBOO Adult Lunch Box Insulated Lunch Bag,Double Reusable Waterproof Large Cooler Tote &nbsp;with Shoulder Strap for Men&amp;Women(black, 12can)",B077N21298,large insulated lunch tote,www.amazon.com,2018/11/9 5:01,
"OBOO Adult Lunch Box Insulated Lunch Bag,Double Reusable Waterproof Large Cooler Tote &nbsp;with Shoulder Strap for Men&amp;Women(black, 12can)",B077N21298,large lunch bags for men,www.amazon.com,2018/11/9 5:34,10
"OBOO Adult Lunch Box Insulated Lunch Bag,Double Reusable Waterproof Large Cooler Tote &nbsp;with Shoulder Strap for Men&amp;Women(black, 12can)",B077N21298,large lunch bags for women,www.amazon.com,2018/11/9 5:46,
"OBOO Adult Lunch Box Insulated Lunch Bag,Double Reusable Waterproof Large Cooler Tote &nbsp;with Shoulder Strap for Men&amp;Women(black, 12can)",B077N21298,large lunch box cooler,www.amazon.com,2018/11/9 2:08,18
"OBOO Adult Lunch Box Insulated Lunch Bag,Double Reusable Waterproof Large Cooler Tote &nbsp;with Shoulder Strap for Men&amp;Women(black, 12can)",B077N21298,large lunch boxes for men,www.amazon.com,2018/11/9 2:08,5
"OBOO Adult Lunch Box Insulated Lunch Bag,Double Reusable Waterproof Large Cooler Tote &nbsp;with Shoulder Strap for Men&amp;Women(black, 12can)",B077N21298,lunch bag adult,www.amazon.com,2018/11/9 3:14,18
"OBOO Adult Lunch Box Insulated Lunch Bag,Double Reusable Waterproof Large Cooler Tote &nbsp;with Shoulder Strap for Men&amp;Women(black, 12can)",B077N21298,lunch bag black,www.amazon.com,2018/11/9 2:08,175
"OBOO Adult Lunch Box Insulated Lunch Bag,Double Reusable Waterproof Large Cooler Tote &nbsp;with Shoulder Strap for Men&amp;Women(black, 12can)",B077N21298,lunch bag cooler,www.amazon.com,2018/11/9 3:24,
"OBOO Adult Lunch Box Insulated Lunch Bag,Double Reusable Waterproof Large Cooler Tote &nbsp;with Shoulder Strap for Men&amp;Women(black, 12can)",B077N21298,lunch box and bag,www.amazon.com,2018/11/9 2:47,105
"OBOO Adult Lunch Box Insulated Lunch Bag,Double Reusable Waterproof Large Cooler Tote &nbsp;with Shoulder Strap for Men&amp;Women(black, 12can)",B077N21298,lunch box cooler,www.amazon.com,2018/11/9 5:02,96
"OBOO Adult Lunch Box Insulated Lunch Bag,Double Reusable Waterproof Large Cooler Tote &nbsp;with Shoulder Strap for Men&amp;Women(black, 12can)",B077N21298,lunch box fitness,www.amazon.com,2018/11/9 5:30,
"OBOO Adult Lunch Box Insulated Lunch Bag,Double Reusable Waterproof Large Cooler Tote &nbsp;with Shoulder Strap for Men&amp;Women(black, 12can)",B077N21298,lunch box for office,www.amazon.com,2018/11/9 0:53,
"OBOO Adult Lunch Box Insulated Lunch Bag,Double Reusable Waterproof Large Cooler Tote &nbsp;with Shoulder Strap for Men&amp;Women(black, 12can)",B077N21298,lunch box set,www.amazon.com,2018/11/9 4:44,
"OBOO Adult Lunch Box Insulated Lunch Bag,Double Reusable Waterproof Large Cooler Tote &nbsp;with Shoulder Strap for Men&amp;Women(black, 12can)",B077N21298,lunch box tote,www.amazon.com,2018/11/9 0:27,
"OBOO Adult Lunch Box Insulated Lunch Bag,Double Reusable Waterproof Large Cooler Tote &nbsp;with Shoulder Strap for Men&amp;Women(black, 12can)",B077N21298,lunch box with compartments,www.amazon.com,2018/11/9 5:38,
"OBOO Adult Lunch Box Insulated Lunch Bag,Double Reusable Waterproof Large Cooler Tote &nbsp;with Shoulder Strap for Men&amp;Women(black, 12can)",B077N21298,lunch box with containers,www.amazon.com,2018/11/9 2:00,
"OBOO Adult Lunch Box Insulated Lunch Bag,Double Reusable Waterproof Large Cooler Tote &nbsp;with Shoulder Strap for Men&amp;Women(black, 12can)",B077N21298,lunch box women,www.amazon.com,2018/11/9 2:04,
"OBOO Adult Lunch Box Insulated Lunch Bag,Double Reusable Waterproof Large Cooler Tote &nbsp;with Shoulder Strap for Men&amp;Women(black, 12can)",B077N21298,lunch boxes for work,www.amazon.com,2018/11/9 1:19,18
"OBOO Adult Lunch Box Insulated Lunch Bag,Double Reusable Waterproof Large Cooler Tote &nbsp;with Shoulder Strap for Men&amp;Women(black, 12can)",B077N21298,lunch containers,www.amazon.com,2018/11/9 5:57,
"OBOO Adult Lunch Box Insulated Lunch Bag,Double Reusable Waterproof Large Cooler Tote &nbsp;with Shoulder Strap for Men&amp;Women(black, 12can)",B077N21298,lunch cooler bags,www.amazon.com,2018/11/9 0:56,18
"OBOO Adult Lunch Box Insulated Lunch Bag,Double Reusable Waterproof Large Cooler Tote &nbsp;with Shoulder Strap for Men&amp;Women(black, 12can)",B077N21298,lunch pail,www.amazon.com,2018/11/9 3:28,16
"OBOO Adult Lunch Box Insulated Lunch Bag,Double Reusable Waterproof Large Cooler Tote &nbsp;with Shoulder Strap for Men&amp;Women(black, 12can)",B077N21298,lunch pails for adults,www.amazon.com,2018/11/9 4:08,
"OBOO Adult Lunch Box Insulated Lunch Bag,Double Reusable Waterproof Large Cooler Tote &nbsp;with Shoulder Strap for Men&amp;Women(black, 12can)",B077N21298,lunch tote bags,www.amazon.com,2018/11/9 5:07,
"OBOO Adult Lunch Box Insulated Lunch Bag,Double Reusable Waterproof Large Cooler Tote &nbsp;with Shoulder Strap for Men&amp;Women(black, 12can)",B077N21298,lunch totes for adults,www.amazon.com,2018/11/9 2:15,84
"OBOO Adult Lunch Box Insulated Lunch Bag,Double Reusable Waterproof Large Cooler Tote &nbsp;with Shoulder Strap for Men&amp;Women(black, 12can)",B077N21298,lunchboxes,www.amazon.com,2018/11/9 2:52,
"OBOO Adult Lunch Box Insulated Lunch Bag,Double Reusable Waterproof Large Cooler Tote &nbsp;with Shoulder Strap for Men&amp;Women(black, 12can)",B077N21298,meal box,www.amazon.com,2018/11/9 2:23,
"OBOO Adult Lunch Box Insulated Lunch Bag,Double Reusable Waterproof Large Cooler Tote &nbsp;with Shoulder Strap for Men&amp;Women(black, 12can)",B077N21298,meal prep cooler bag,www.amazon.com,2018/11/9 5:51,
"OBOO Adult Lunch Box Insulated Lunch Bag,Double Reusable Waterproof Large Cooler Tote &nbsp;with Shoulder Strap for Men&amp;Women(black, 12can)",B077N21298,men lunch bag,www.amazon.com,2018/11/9 2:09,70
"OBOO Adult Lunch Box Insulated Lunch Bag,Double Reusable Waterproof Large Cooler Tote &nbsp;with Shoulder Strap for Men&amp;Women(black, 12can)",B077N21298,mens lunch box,www.amazon.com,2018/11/9 2:22,22
"OBOO Adult Lunch Box Insulated Lunch Bag,Double Reusable Waterproof Large Cooler Tote &nbsp;with Shoulder Strap for Men&amp;Women(black, 12can)",B077N21298,nylon lunch bag,www.amazon.com,2018/11/9 4:07,
"OBOO Adult Lunch Box Insulated Lunch Bag,Double Reusable Waterproof Large Cooler Tote &nbsp;with Shoulder Strap for Men&amp;Women(black, 12can)",B077N21298,portable cooler bag,www.amazon.com,2018/11/9 2:58,
"OBOO Adult Lunch Box Insulated Lunch Bag,Double Reusable Waterproof Large Cooler Tote &nbsp;with Shoulder Strap for Men&amp;Women(black, 12can)",B077N21298,reusable lunch bags,www.amazon.com,2018/11/9 5:33,
"OBOO Adult Lunch Box Insulated Lunch Bag,Double Reusable Waterproof Large Cooler Tote &nbsp;with Shoulder Strap for Men&amp;Women(black, 12can)",B077N21298,shoulder cooler bag,www.amazon.com,2018/11/9 0:46,
"OBOO Adult Lunch Box Insulated Lunch Bag,Double Reusable Waterproof Large Cooler Tote &nbsp;with Shoulder Strap for Men&amp;Women(black, 12can)",B077N21298,small insulated cooler bags,www.amazon.com,2018/11/9 4:37,166
"OBOO Adult Lunch Box Insulated Lunch Bag,Double Reusable Waterproof Large Cooler Tote &nbsp;with Shoulder Strap for Men&amp;Women(black, 12can)",B077N21298,soft lunch box for adults,www.amazon.com,2018/11/9 4:54,
"OBOO Adult Lunch Box Insulated Lunch Bag,Double Reusable Waterproof Large Cooler Tote &nbsp;with Shoulder Strap for Men&amp;Women(black, 12can)",B077N21298,soft lunch cooler,www.amazon.com,2018/11/9 2:42,
"OBOO Adult Lunch Box Insulated Lunch Bag,Double Reusable Waterproof Large Cooler Tote &nbsp;with Shoulder Strap for Men&amp;Women(black, 12can)",B077N21298,soft pack cooler,www.amazon.com,2018/11/9 1:19,
"OBOO Adult Lunch Box Insulated Lunch Bag,Double Reusable Waterproof Large Cooler Tote &nbsp;with Shoulder Strap for Men&amp;Women(black, 12can)",B077N21298,sports lunch box,www.amazon.com,2018/11/9 0:52,
"OBOO Adult Lunch Box Insulated Lunch Bag,Double Reusable Waterproof Large Cooler Tote &nbsp;with Shoulder Strap for Men&amp;Women(black, 12can)",B077N21298,teen lunch bags,www.amazon.com,2018/11/9 2:51,
"OBOO Adult Lunch Box Insulated Lunch Bag,Double Reusable Waterproof Large Cooler Tote &nbsp;with Shoulder Strap for Men&amp;Women(black, 12can)",B077N21298,thermal cooler bag,www.amazon.com,2018/11/9 5:22,
"OBOO Adult Lunch Box Insulated Lunch Bag,Double Reusable Waterproof Large Cooler Tote &nbsp;with Shoulder Strap for Men&amp;Women(black, 12can)",B077N21298,thermal insulated lunch bag,www.amazon.com,2018/11/9 2:18,
"OBOO Adult Lunch Box Insulated Lunch Bag,Double Reusable Waterproof Large Cooler Tote &nbsp;with Shoulder Strap for Men&amp;Women(black, 12can)",B077N21298,thermal lunch bag,www.amazon.com,2018/11/9 2:35,
"OBOO Adult Lunch Box Insulated Lunch Bag,Double Reusable Waterproof Large Cooler Tote &nbsp;with Shoulder Strap for Men&amp;Women(black, 12can)",B077N21298,tote cooler,www.amazon.com,2018/11/9 2:24,
"OBOO Adult Lunch Box Insulated Lunch Bag,Double Reusable Waterproof Large Cooler Tote &nbsp;with Shoulder Strap for Men&amp;Women(black, 12can)",B077N21298,tote lunch boxes,www.amazon.com,2018/11/9 2:34,77
"OBOO Adult Lunch Box Insulated Lunch Bag,Double Reusable Waterproof Large Cooler Tote &nbsp;with Shoulder Strap for Men&amp;Women(black, 12can)",B077N21298,washable lunch bags,www.amazon.com,2018/11/9 0:44,
"OBOO Adult Lunch Box Insulated Lunch Bag,Double Reusable Waterproof Large Cooler Tote &nbsp;with Shoulder Strap for Men&amp;Women(black, 12can)",B077N21298,waterproof lunch bag,www.amazon.com,2018/11/9 1:38,90
"OBOO Adult Lunch Box Insulated Lunch Bag,Double Reusable Waterproof Large Cooler Tote &nbsp;with Shoulder Strap for Men&amp;Women(black, 12can)",B077N21298,waterproof lunch box,www.amazon.com,2018/11/9 2:56,14
"OBOO Adult Lunch Box Insulated Lunch Bag,Double Reusable Waterproof Large Cooler Tote &nbsp;with Shoulder Strap for Men&amp;Women(black, 12can)",B077N21298,womens lunch bag,www.amazon.com,2018/11/9 3:57,
"OBOO Adult Lunch Box Insulated Lunch Bag,Double Reusable Waterproof Large Cooler Tote &nbsp;with Shoulder Strap for Men&amp;Women(black, 12can)",B077N21298,women\\\'s lunch box,www.amazon.com,2018/11/9 5:43,
"OBOO Adult Lunch Box Insulated Lunch Bag,Double Reusable Waterproof Large Cooler Tote &nbsp;with Shoulder Strap for Men&amp;Women(black, 12can)",B077N21298,work lunch box,www.amazon.com,2018/11/9 4:51,19
"OBOO Adult Lunch Box Insulated Lunch Bag,Double Reusable Waterproof Large Cooler Tote &nbsp;with Shoulder Strap for Men&amp;Women(black, 12can)",B077N21298,workout lunch bag,www.amazon.com,2018/11/9 0:29,
"OBOO Adult Lunch Box Insulated Lunch Bag,Double Reusable Waterproof Large Cooler Tote &nbsp;with Shoulder Strap for Men&amp;Women(black, 12can)",B077N21298,lunch box adult,www.amazon.com,2018/11/9 1:07,23
"OBOO Adult Lunch Box Insulated Lunch Bag,Double Reusable Waterproof Large Cooler Tote &nbsp;with Shoulder Strap for Men&amp;Women(black, 12can)",B077N21298,food prep cooler,www.amazon.com,2018/11/9 2:32,
"OBOO Adult Lunch Box Insulated Lunch Bag,Double Reusable Waterproof Large Cooler Tote &nbsp;with Shoulder Strap for Men&amp;Women(black, 12can)",B077N21298,lunchboxs,www.amazon.com,2018/11/9 4:43,
"OBOO Adult Lunch Box Insulated Lunch Bag,Double Reusable Waterproof Large Cooler Tote &nbsp;with Shoulder Strap for Men&amp;Women(black, 12can)",B077N21298,coolers bags,www.amazon.com,2018/11/9 0:27,
"OBOO Adult Lunch Box Insulated Lunch Bag,Double Reusable Waterproof Large Cooler Tote &nbsp;with Shoulder Strap for Men&amp;Women(black, 12can)",B077N21298,insulated cooler tote,www.amazon.com,2018/11/9 5:32,
"OBOO Adult Lunch Box Insulated Lunch Bag,Double Reusable Waterproof Large Cooler Tote &nbsp;with Shoulder Strap for Men&amp;Women(black, 12can)",B077N21298,lunch backpack,www.amazon.com,2018/11/9 5:17,
